{
  "resources": [
    "gamemusic.mp3"
  ],
  "spritemap": {
    "boss": {
      "start": 0,
      "end": 34.95183673469388,
      "loop": false
    },
    "collect-bead": {
      "start": 36,
      "end": 37.35836734693878,
      "loop": false
    },
    "fireball": {
      "start": 39,
      "end": 40.35836734693878,
      "loop": false
    },
    "jump": {
      "start": 42,
      "end": 43.35836734693878,
      "loop": false
    },
    "player-death": {
      "start": 45,
      "end": 46.35836734693878,
      "loop": false
    },
    "stage": {
      "start": 48,
      "end": 67.25224489795919,
      "loop": true
    }
  },
  "autoplay": "stage"
}